Persona,RFM segment,Tagline,Demographics,Behavior,Perk
"Alex, the young global explorer",Champion,"Travels often, spends wisely, and prefers discovering new places over staying long.","Mostly under 25, male, unmarried, some with children.","Alex represents the top-performing users on TravelTide. He tends to book short international trips with few nights and minimal luggage, often for quick getaways or impulsive adventures. Champions like Alex book both flights and hotels frequently but keep things efficient — few rooms, fewer seats, but lots of trips per session. They use moderate discounts, particularly on international bookings, and are comfortable managing multiple travel components in one go.
Despite their youth, Champions show strategic behavior — they’re not necessarily budget travelers, but they value deals when relevant and tend to return often due to familiarity with the platform’s full inventory.","Exclusive early access to international flight deals or bonus reward points for every multi-component booking (flight + hotel).
This leverages Alex’s preference for frequent, short, global trips and motivates him to continue using TravelTide as his go-to platform."
"Taylor, the practical frequent flyer",Loyal,"Travels often for short domestic stays, values savings and reliability over novelty.","Primarily under 25 or 25–34, diverse gender representation, unmarried, often with children.","Taylor represents the steady backbone of TravelTide’s returning users. Loyal customers take frequent short domestic trips, often for family visits or quick work-related travel. They check in few nights per stay, book modest hotel rooms, and travel with more checked bags than Champions — suggesting planned, practical travel rather than spontaneous exploration.
They use flight discounts actively and appreciate bundled value, but are less likely to travel internationally. Their sessions show consistency: they return often, book similar types of trips, and demonstrate strong repeat engagement despite modest session frequency.","Free checked bag or flexible flight rebooking options for domestic routes.
These perks directly reward Taylor’s reliability and appeal to their pattern of short, frequent, discount-conscious trips."
"Jordan, the domestic deal seeker",Potential,"Travels frequently within the country, focused on value and efficiency.","Often 35–44, married, no children, diverse gender representation.","Jordan is an active user who frequently searches and books domestic trips, taking advantage of mid-to-high discounts on both flights and hotels. They travel with a moderate number of bags, book short stays, and often combine flights and hotels in one session. Their behavior suggests confidence in using TravelTide but not yet full loyalty — they explore deals intensively before committing.","Double reward points or cash-back on domestic round-trip bookings.
This would reinforce Jordan’s price-conscious pattern while motivating them to keep booking through TravelTide instead of comparing across platforms."
"Riley, the aspiring globetrotter",Potential,Books actively and loves discovering new international destinations on a budget.,"45–54, female, married, no children.","Riley stands out for combining both international and domestic travel, booking multiple hotels and flights per trip. She tends to plan efficiently — short-to-mid-length stays with a relatively high number of sessions, rooms, and seats per booking. Her discount use indicates a strategic approach rather than impulsive bargain-hunting. Riley represents those ready to move from “occasional” to “loyal” if TravelTide continues rewarding cross-border activity.","Free international flight cancellation or priority support for multi-leg trips.
This perk appeals to Riley’s adventurous nature and reduces perceived risk, nudging her to consolidate all travel planning within TravelTide."
"Leo, the budget short-trip traveler",At Risk,"Books quickly, spends little, and rarely looks beyond the basics.","Under 25, male, unmarried, no children.","Leo represents younger travelers who engage with TravelTide occasionally for short, simple trips. He tends to book low-cost flights and hotels without using many discounts, often traveling light and staying only a few nights. His sessions are limited, and he rarely explores multiple options before booking — suggesting limited loyalty or spontaneous, price-driven behavior.
Leo may not be dissatisfied, but he isn’t emotionally attached to the platform and could easily drift to competitors offering better mobile UX or quick deals.","Instant booking credits for the next trip or surprise flash-sale alerts.
Small, immediate rewards can re-engage Leo by appealing to his quick-decision, deal-seeking style."
"Susan, the seasoned bargain hunter",At Risk,Travels less often but expects premium deals when she does.,"65+, female, unmarried, sometimes with children.","Susan represents older users who still travel but are selective about when and how. She tends to book with high discounts — especially on hotels — and prefers convenience and comfort over frequency. Her trips are more deliberate, often domestic, and she appreciates reliability. However, infrequent activity and high expectations for value make her prone to churn if TravelTide doesn’t provide visible loyalty benefits.","Automatic tier-upgrade or senior-exclusive discount bundle combining flight and hotel perks.
This restores perceived value and makes Susan feel recognized without requiring extra effort."
"Emma, the former premium planner",Lost,"Used to book extended, comfortable trips but stopped engaging over time.","35–44, female, married, no children.","Emma once represented a valuable midlife customer segment: she booked longer trips, often with multiple rooms and seats — indicating group or couple travel — and preferred a balance between comfort and affordability. Her bookings leaned toward mid-high flight activity and a mix of domestic and international destinations. However, low discount usage and declining trip frequency suggest she either found better value elsewhere or now prefers alternative platforms with stronger loyalty incentives or user experience.","Personalized “welcome back” package offering a hotel upgrade or free additional room night for returning users.
This rekindles Emma’s interest by reminding her of the comfort and attention she used to value on TravelTide."
"Chris, the occasional explorer who drifted away",Lost,"Took a few long, low-cost trips but never developed a booking habit.","45–54, gender-diverse group, typically unmarried.","Chris booked a few extended stays, often abroad, with a focus on affordability and larger groups (more seats, longer nights). They used some discounts but were inconsistent in engagement. Their sporadic behavior and declining activity indicate they didn’t form a routine with TravelTide — possibly due to unclear value differentiation or poor re-engagement timing.","Reactivation bonus such as “10% off your next international booking” or limited-time double rewards points.
This type of simple, time-bound incentive encourages Chris to give the platform another try without needing a major behavioral shift."